{
  "overall": {
    "total_tests": 48,
    "successful_tests": 48,
    "success_rate": 100.0,
    "timestamp": "2025-06-16T13:17:08.481239"
  },
  "by_combination": {
    "simple_small": {
      "total_tests": 12,
      "successful_tests": 12,
      "success_rate": 100.0,
      "avg_response_time_ms": 15905.666666666666,
      "median_response_time_ms": 13913.5,
      "min_response_time_ms": "5935",
      "max_response_time_ms": "33166",
      "avg_answer_length": 1794.4166666666667,
      "avg_word_count": 241.41666666666666,
      "avg_num_documents": 4.0,
      "avg_processing_steps": 1.0,
      "avg_keyword_score": 0.923611111111111,
      "avg_structure_score": 0.7999999999999999,
      "avg_completeness_score": 0.9520555555555555,
      "avg_overall_quality": 0.8918888888888888,
      "performance_by_difficulty": {
        "easy": {
          "count": 3,
          "avg_response_time_ms": 7879.0,
          "avg_quality": 0.798111111111111,
          "success_rate": 100.0
        },
        "medium": {
          "count": 4,
          "avg_response_time_ms": 14226.75,
          "avg_quality": 0.84375,
          "success_rate": 100.0
        },
        "hard": {
          "count": 3,
          "avg_response_time_ms": 18621.0,
          "avg_quality": 0.9777777777777777,
          "success_rate": 100.0
        },
        "very_hard": {
          "count": 2,
          "avg_response_time_ms": 27230.5,
          "avg_quality": 1.0,
          "success_rate": 100.0
        }
      }
    },
    "simple_large": {
      "total_tests": 12,
      "successful_tests": 12,
      "success_rate": 100.0,
      "avg_response_time_ms": 14317.666666666666,
      "median_response_time_ms": 12637.0,
      "min_response_time_ms": "5285",
      "max_response_time_ms": "37281",
      "avg_answer_length": 2213.5833333333335,
      "avg_word_count": 300.75,
      "avg_num_documents": 4.0,
      "avg_processing_steps": 1.0,
      "avg_keyword_score": 0.9444444444444443,
      "avg_structure_score": 0.7833333333333333,
      "avg_completeness_score": 0.9626388888888888,
      "avg_overall_quality": 0.8968055555555555,
      "performance_by_difficulty": {
        "easy": {
          "count": 3,
          "avg_response_time_ms": 7631.0,
          "avg_quality": 0.7983333333333332,
          "success_rate": 100.0
        },
        "medium": {
          "count": 4,
          "avg_response_time_ms": 12866.25,
          "avg_quality": 0.8583333333333333,
          "success_rate": 100.0
        },
        "hard": {
          "count": 3,
          "avg_response_time_ms": 13824.666666666666,
          "avg_quality": 0.9777777777777777,
          "success_rate": 100.0
        },
        "very_hard": {
          "count": 2,
          "avg_response_time_ms": 27990.0,
          "avg_quality": 1.0,
          "success_rate": 100.0
        }
      }
    },
    "multi_small": {
      "total_tests": 12,
      "successful_tests": 12,
      "success_rate": 100.0,
      "avg_response_time_ms": 64128.833333333336,
      "median_response_time_ms": 70034.5,
      "min_response_time_ms": "13767",
      "max_response_time_ms": "98763",
      "avg_answer_length": 1187.8333333333333,
      "avg_word_count": 156.25,
      "avg_num_documents": 5.416666666666667,
      "avg_processing_steps": 3.8333333333333335,
      "avg_keyword_score": 0.6527777777777778,
      "avg_structure_score": 0.44999999999999996,
      "avg_completeness_score": 0.6947222222222221,
      "avg_overall_quality": 0.5991666666666667,
      "performance_by_difficulty": {
        "easy": {
          "count": 3,
          "avg_response_time_ms": 21919.0,
          "avg_quality": 0.7013333333333334,
          "success_rate": 100.0
        },
        "medium": {
          "count": 4,
          "avg_response_time_ms": 74292.75,
          "avg_quality": 0.5654999999999999,
          "success_rate": 100.0
        },
        "hard": {
          "count": 3,
          "avg_response_time_ms": 78707.66666666667,
          "avg_quality": 0.6262222222222221,
          "success_rate": 100.0
        },
        "very_hard": {
          "count": 2,
          "avg_response_time_ms": 85247.5,
          "avg_quality": 0.4726666666666666,
          "success_rate": 100.0
        }
      }
    },
    "multi_large": {
      "total_tests": 12,
      "successful_tests": 12,
      "success_rate": 100.0,
      "avg_response_time_ms": 70534.66666666667,
      "median_response_time_ms": 74871.5,
      "min_response_time_ms": "2924",
      "max_response_time_ms": "118600",
      "avg_answer_length": 1424.25,
      "avg_word_count": 188.83333333333334,
      "avg_num_documents": 6.083333333333333,
      "avg_processing_steps": 3.8333333333333335,
      "avg_keyword_score": 0.5972222222222222,
      "avg_structure_score": 0.5166666666666667,
      "avg_completeness_score": 0.6826111111111111,
      "avg_overall_quality": 0.5988333333333332,
      "performance_by_difficulty": {
        "easy": {
          "count": 3,
          "avg_response_time_ms": 26996.333333333332,
          "avg_quality": 0.7666666666666666,
          "success_rate": 100.0
        },
        "medium": {
          "count": 4,
          "avg_response_time_ms": 69880.0,
          "avg_quality": 0.4988333333333333,
          "success_rate": 100.0
        },
        "hard": {
          "count": 3,
          "avg_response_time_ms": 86430.0,
          "avg_quality": 0.6262222222222221,
          "success_rate": 100.0
        },
        "very_hard": {
          "count": 2,
          "avg_response_time_ms": 113308.5,
          "avg_quality": 0.506,
          "success_rate": 100.0
        }
      }
    }
  },
  "comparison": {
    "best_overall_performance": {
      "combination": "simple_large",
      "score": 89.68055555555556
    },
    "fastest_response": {
      "combination": "simple_large",
      "avg_time_ms": 14317.666666666666
    },
    "highest_quality": {
      "combination": "simple_large",
      "avg_quality": 0.8968055555555555
    },
    "most_comprehensive": {
      "combination": "multi_large",
      "avg_documents": 6.083333333333333
    }
  }
}